element_type,osmid,amenity,min_age,name,opening_hours,wheelchair,website,wikidata,wikipedia,addr:city,addr:postcode,addr:street,email,phone,building,grades,addr:housenumber,official_name,short_name,survey:date,description,source,name:en,operator,religion,denomination,operator:type,isced:level,landuse,osm_type,latitude,longitude
node,8533569948,school,3yrs,"St. Anne'S Catholic Primary School, Irawo",Mo-Fr 07:45 - 4:00,yes,,,,,,,,,,,,,,,,,,,,,,,,,6.6652,4.0054
way,379358948,school,,Altantic Hall Boarding School,,,https://atlantic-hall.net/,Q4816448,en:Atlantic Hall,,,,,,,,,,,,,,,,,,,,,,6.616529098637044,3.9622904071770826
way,558906221,school,,Neander International School,,,,,,,,,,,,,,,,,,,,,,,,,,,6.572413197242697,3.9408812588969284
node,9552238994,school,,Bichenna School,,,http://bichennaschools.com/,,,Lekki,105101,Anuoluwa Owolabi Dr,info@bichennaschools.com,+234 803 306 7304,,,,,,,,,,,,,,,,,6.4741123,3.6925942
node,11121934209,school,,Christ The Rock Of Ages International School,,,,,,,,,,,,,,,,,,,,,,,,,,,6.4704887,3.6291538
node,11121934218,school,,Crane College,,,,,,,,,,,,,,,,,,,,,,,,,,,6.471747,3.6285601
node,11121934219,school,,Crane Schools,,,,,,,,,,,,,,,,,,,,,,,,,,,6.4704322,3.6283485
way,378260772,school,,Greensprings School - Lekki Campus,,,https://www.greenspringsschool.com/,,,,,,,,,,,,,,,,,,,,,,,,6.46110736050953,3.6960143628927753
way,539288411,school,,Greater Scholars International School,,,,,,,,,,,,,,,,,,,,,,,,,,,6.4660228063705905,3.588133295154236
way,743165529,school,,"Local Government Primary School, Baiyeku",,,,,,,,,,,,,,,,,,,,,,,,,,,6.538617765815679,3.5504535674432938
way,785246549,school,,Model College Badore,,,,Q24887107,en:Lagos State Model College Badore,,,,,,,,,,,,,,,,,,,,,,6.510842178535324,3.609678867486624
way,785246575,school,,,,,,,,,,,,,,,,,,,,,,,,,,,,,6.510795894703552,3.6133844240031356
way,785331093,school,,,,,,,,,,,,,,,,,,,,,,,,,,,,,6.472955222749441,3.635948085459726
way,785635258,school,,,,,,,,,,,,,,,,,,,,,,,,,,,,,6.469358744278815,3.564330105475182
way,792676289,school,,,,,,,,,,,,,,,,,,,,,,,,,,,,,6.473949252391093,3.699260512846311
way,793075220,school,,,,,,,,,,,,,,,,,,,,,,,,,,,,,6.485753882506574,3.8891832666301394
way,793075221,school,,,,,,,,,,,,,,,,,,,,,,,,,,,,,6.484909554526897,3.890229695571696
way,793086938,school,,,,,,,,,,,,,,,,,,,,,,,,,,,,,6.426531058189051,3.633947274894926
way,793086942,school,,,,,,,,,,,,,,,,,,,,,,,,,,,,,6.427709584448774,3.618900460375422
way,793851327,school,,,,,,,,,,,,,,,,,,,,,,,,,,,,,6.450937926840785,3.6130276663465954
way,802787476,school,,Genesis School,,,,,,,,,,,yes,,,,,,,,,,,,,,,,6.487754096349712,3.5798309351620325
way,974075747,school,,Accolade House Montessori School,,,,,,,,,,,,1-7,,,,,,,,,,,,,,,6.456549858632225,3.6518195001031386
node,8533569914,school,3yrs,St. Paul'S (Rcm) Primary School Igode,Mo-Fr 07:45 - 4:00,yes,,,,,,,,,,,,,,,,,,,,,,,,,6.6863,3.58
node,8533569915,school,3yrs,St. Paul'S (Rcm) Primary School Igode,Mo-Fr 07:45 - 4:00,yes,,,,,,,,,,,,,,,,,,,,,,,,,6.6861,3.5799
way,680465790,school,,Community Secondary School Baiyeku,,,,,,,,,,,,,,,,,,,,,,,,,,,6.55169332324921,3.538992732704003
way,742638091,school,,Mahmud Ahmadiyya College,,,,,,,,,,,,,,,,,,,,,,,,,,,6.5838877283723924,3.588910341965989
way,742652352,school,,Methodist Primary School,,,,,,Oke-Eletu,,Dede Road,,,,,55,"Methodist Primary School, Oke-Eletu",,,,,,,,,,,,,6.602457633575068,3.5879700297624795
way,742652375,school,,Kingsfield College,,,,,,Oke-Eletu,,Ijede Road,,,,,,,,,,,,,,,,,,,6.608751197066898,3.5819291613147546
way,742675433,school,,Anwar ul Islam Primary School,,,,,,Ijede,,Oke-Oyinbo Street,,,,,44,,,,,,,,,,,,,,6.570080277420241,3.592523076463097
way,745396773,school,,,,,,,,,,,,,,,,,,,,,,,,,,,,,6.661586796871223,3.670416541709262
way,745470838,school,,Methodist Primary School,,,,,,elepe Igbogbo,,,,,,,,"Methodist Primary School, Elepe Igbogbo",,,,,,,,,,,,,6.616175346809652,3.5660773233765837
way,745470839,school,,Elepe Community Secondary School,,,,,,,,,,,,,,Elepe Community Junior/Senior Secondary School,,,,,,,,,,,,,6.614595346798221,3.569105736536736
way,745489595,school,,Tiakod College,,,http://www.tiakodschools.com/,,,,,,,,,,,,,,,,,,,,,,,,6.612948057293677,3.5654826111811286
way,745489598,school,,Tiakod School,,,http://www.tiakodschools.com/,,,,,,,,,,,,,,,,,,,,,,,,6.613374080164018,3.5656310456722022
way,746008859,school,,Luwasa High School,,,,,,,,,,,,,,"Luwasa High School, Ijede",,,,,,,,,,,,,6.580083662664416,3.5917922924346186
way,747461611,school,,Babington Macaulay Junior Seminary,,,,Q4837914,en:Babington Macaulay Junior Seminary,,,,,,,,,,BMJS,,,,,,,,,,,,6.6381834292060455,3.599118259216903
way,776281078,school,,Ansar Ud Deen Senior Grammar School,,,,,,Imota,,,,,,,,,,,,,,,,,,,,,6.655059201222266,3.670246329171869
way,776288351,school,,Lagos State Junior Model College,,,,,,Igbokuta,,Imota Gberigbe Road,,,,,,,,,,,,,,,,,,,6.622312457213281,3.657038355370298
way,776290323,school,,"Methodist Primary School, Agura",,,,,,,,,,,,,,,,,,,,,,,,,,,6.576853073138913,3.6291159911072026
way,776294555,school,,"Methodist Primary School, Gberigbe",,,,,,,,,,,,,,,,,,,,,,,,,,,6.601684575291536,3.620151206788529
way,776294556,school,,"Community Junior & Senior Grammar School, Gberigbe",,,,,,,,,,,,,,,,,,,,,,,,,,,6.603704768966745,3.619708617938674
way,776524230,school,,Excellent West College,,,,,,,,,,,,,,,,,,,,,,,,,,,6.610974640668728,3.5812729438599713
way,795018753,school,,,,,,,,,,,,,,,,,,,,,,,,,,,,,6.593513323956415,3.5332252253674925
way,797679281,school,,Tosfeb Presidency schools,,,,,,,,,,,,,,,,,,,,,,,,,,,6.60089923132706,3.624058481519366
way,798167688,school,,,,,,,,,,,,,,,,,,,,,,,,,,,,,6.670954858325197,3.67342856126734
way,798167697,school,,,,,,,,,,,,,,,,,,,,,,,,,,,,,6.6595052503262355,3.6240646076531875
node,1366137185,school,,Holy Trinity School,,,,,,,,,,,,,,,,,,,,,,,,,,,6.4639987,3.3874419
node,1513671685,school,,Fourier International Montessori School,,,,,,,,,,,,,,,,,,,,,,,,,,,6.4968417,3.3732238
node,1513671687,school,,Sheraton School,,,,,,,,,,,,,,,,,,,,,,,,,,,6.4873282,3.3754294
node,1513671688,school,,Soro Montessori Nusery School,,,,,,,,,,,,,,,,,,,,,,,,,,,6.4896556,3.3772247
node,1513671691,school,,St. Saviours Nusery School Complex,,,,,,,,,,,,,,,,,,,,,,,,,,,6.4892649,3.3763014
node,1513671693,school,,Trust Nusery and Primary School,,,,,,,,,,,,,,,,,,,,,,,,,,,6.4947351,3.3736683
node,1930603959,school,,,,,,,,,,,,,,,,,,,,,,,,,,,,,6.534435,3.3944101
node,6120355030,school,,Saint Saviours High School,,,,,,,,,,,,,,,,,,,,,,,,,,,6.5383567,3.2598579
node,6129518756,school,,Queen Maris Group of Schools,,,,,,,,,,,,,,,,,,,,,,,,,,,6.532362,3.2623407
node,6988054369,school,,Jesudegbe Nursery and Primary School,,,,,,,,Makoko Road,,,,,52,,,,,,,,,,,,,,6.4956098,3.3898643
node,6988054370,school,,Whayinna Primary School,,,,,,,,Apolo Makoko,,,,,56b,,,,,,,,,,,,,,6.4956426,3.3883093
node,6988054371,school,,Makoko Dream Primary School,,,,,,,,Bale Towe,,,,,,,,,,,,,,,,,,,6.4954037,3.3883804
node,6988054372,school,,Doyisem Best Academy,,,,,,,,Azinpono Lane Migbewe1,,,,,32b/35b,,,,,,,,,,,,,,6.494686,3.3875777
node,6988054373,school,,Makoko Dream Nursery School,,,,,,,,Bale Towe,,,,,,,,,,,,,,,,,,,6.4957128,3.3881164
node,7337204425,school,,Learnfast Comprehensive Academy,,,,,,,,,,,,,,,,,,,,,,,,,,,6.4606407,3.1684048
node,7337266366,school,,Victory Land College,,,,,,,,,,,,,,,,,,,,,,,,,,,6.4604062,3.1675358
node,8533570019,school,3yrs,"Local Government Primary School, Totowu",Mo-Fr 07:45 - 4:00,yes,,,,,,,,,,,,,,,,,,,,,,,,,6.5174771,3.1986118
node,8536583345,school,3yr,St. Jude'S Anglican Primary School Itekun,Mo-Fr 07:45 - 16:00,yes,,,,,,,,,,,,,,,,,,,,,,,,,6.5177,3.16887
node,8559845731,school,,COVENANT HALL SCHOOL,,,covenanthallschools.com.ng,,,Eti osa,105102,"Bamidele Eletu Avenue, Osapa London",covenanthallschoolslekki@gmail.com,,,,27,,,,,,,,,,,,,,6.4443102,3.5124975
node,8565648895,school,3yrs,"St. Jude's Anglican Primary School, Itekun",Mo-Fr 07:45-16:00,yes,,,,,,,,,,,,,,,,,,,,,,,,,6.5177,3.16887
node,9647899764,school,,Ken-Ade Private School,,,,,,,,,,,,,,,,,,,,,,,,,,,6.499188,3.3890228
node,9932503719,school,,,,,,,,,,,,,,,,,,,,,,,,,,,,,6.4940357,3.3759905
way,434338035,school,,Sea School,,,,,,,,,,,,,,,,,,,,,,,,,,,6.429040480116538,3.350023635975107
way,481337673,school,,British International School Lagos,,,,Q22032051,en:British International School Lagos,Lagos,,Land Bridge Avenue,,,,,1,,,,,,,,,,,,,,6.4335060250725595,3.4492545277932196
way,504468148,school,,Lagos Preparatory School,,,,Q6472609,,Lagos,,Glover Road,,,,,36-40,,,,,,,,,,,,,,6.453052122870916,3.436882080028299
way,507665758,school,,Netherlands International School Lagos,,,,,,Lagos,,Walter Carrington Crescent,,,,,13A/B,,,,,,,,,,,,,,6.439020126642288,3.4067538500851158
way,525043233,school,,CMS Grammar School,,,,Q5013015,"en:CMS Grammar School, Lagos",,,,,,,,,,,,,,,,,,,,,,6.53304345875345,3.387492551233511
way,537017448,school,,American International School Lagos,,,,Q20312652,,Lagos,,Federal Housing Complex Road,,,,,1004,,,,,,,,,,,,,,6.4369652187661535,3.434364131200801
way,537017477,school,,Lycée Français Louis Pasteur,,,,Q19572739,en:Lycée Français Louis Pasteur de Lagos,Lagos,,Younis Bashorun Street,,,,,16,,,,,,,,,,,,,,6.426464344308996,3.4360445253317535
way,537017478,school,,Methodist Boys' High School,,,,,,Lagos,,Sinari Daranijo Street,,,,,11,,,,,,,,,,,,,,6.42750822518792,3.4356649418503373
way,537017497,school,,Lebanese International School Lagos,,,,,,Lagos,,Maye Street,,,,,6,,,,,,,,,,,,,,6.507681891386153,3.3736714237052055
way,537017590,school,,Corona School Victoria Island,,,,,,,,Waziri Ibrahim Crescent,,,,,,,,,,,,,,,,,,,6.4340566085757365,3.4132932481025677
way,540869065,school,,Saint Saviour's School Ikoyi,,,,,,Lagos,,Alexander Avenue,,,,,54,,,,,,,,,,,,,,6.447597566688847,3.45041710989856
way,540869075,school,,Greenwood House School,,,,,,,,,,,,,,,,,,,,,,,,,,,6.460802616039158,3.4464863026644266
way,544212470,school,,The Rock Montessori School,,,,,,,,,,,,,,,,,,,,,,,,,,,6.4400869947362835,3.4718940941718603
way,544212474,school,,Enrico Mattei Italian International School Lagos,,,,,,,,,,,,,,,,,,,,,,,,,,,6.444939637466318,3.4657417067142284
way,551350580,school,,Lagoon School,,,,,,,,,,,,,,,,,,,,,,,,,,,6.4346956581835855,3.4677620964135274
way,555290455,school,,Lekki British School,,,,,,,,,,,,,,,,,,,,,,,,,,,6.444071755500722,3.471395093742062
way,555290499,school,,Lekki British Junior School,,,,,,,,,,,,,,,,,,,,,,,,,,,6.445251140118489,3.471290705660433
way,555290536,school,,Crisland School Lekki,,,,,,,,Olubunmi Owa St,,,,,,,,,,,,,,,,,,,6.446977463464259,3.4703539537107018
way,555290584,school,,Ocean Crest School,,,,,,,,,,,,,,,,,,,,,,,,,,,6.428546996792767,3.4657411560860565
way,560190818,school,,Corona Primary School Ikoyi,,,,,,Lagos,,Mekunwen Road,,,,,8,,,,,,,,,,,,,,6.444139075354443,3.4370498951437827
way,560190843,school,,Hope and Ireti Primary Schools,,,,,,Lagos,,Mekunwen Road,,,,,4,,,,,,,,,,,,,,6.444026479814779,3.4364201516202795
way,570559570,school,,Banana Island School,,,https://www.bananaislandschool.com/,,,Lagos,,227 Close,mail@bananaislandschool.com,+234 812 992 7447,,,,,,,,,,,,,,,,,6.4637480641631475,3.45400053828726
way,570559588,school,,St. John Paul II School,,,,,,Lagos,,Glover Road,,,,,14,,,,,,,,,,,,,,6.456590496201361,3.427192627735053
way,570657230,school,,Home Science Association Nursery & Primary School Ikoyi,,,,,,Lagos,,Ruxton Street,,,,,6,,,,,,,,,,,,,,6.451190006038134,3.4452132569390526
way,599054420,school,,Whiteoak School,,,,,,,,,,,,,,,,,,,,,,,,,,,6.427313529637057,3.4459026166538815
way,627612253,school,,Victoria Island Nursery & Primary School,,,,,,,,,,,,,,,,,,,,,,,,,,,6.436369716980067,3.4386366836423186
way,707225702,school,,UNILAG Staff School,,,,,,,,,,,,,,,,,,,,,,,,,,,6.515592136524599,3.3968111776944228
way,707858106,school,,,,,,,,,,,,,,,,,,,,,,,,,,,,,6.5350146797203505,3.3901943845598717
way,707858107,school,,,,,,,,,,,,,,,,,,,,,,,,,,,,,6.53112941001054,3.3869836497594217
way,733633242,school,,,,,,,,,,,,,,,,,,,,,,,,,,,,,6.515197060671614,3.277712501773806
way,733633243,school,,,,,,,,,,,,,,,,,,,,,,,,,,,,,6.522587698454248,3.291176474193662
way,735024470,school,,,,,,,,,,,,,,,,,,2022-01-07,,,,,,,,,,,6.527662380069045,3.3764239785478023
way,735119438,school,,Nigerian Navy Secondary School Ojo,,,,,,,,,,,,,,,,,,,,,,,,,,,6.452094311479885,3.275700741578125
way,741295045,school,,Igbobi College,,,https://igbobicollegeyaba.com,Q16733645,en:Igbobi College,,,,,,,,,,,,,,,,,,,,,,6.528558340674547,3.3712825899537813
way,741295046,school,,,,,,,,,,,,,,,,,,,,,,,,,,,,,6.527277163732303,3.3728859867040204
way,741295047,school,,,,,,,,,,,,,,,,,,2022-01-07,,,,,,,,,,,6.527620859417869,3.3735438175236507
way,741295048,school,,,,,,,,,,,,,,,,,,,,,,,,,,,,,6.528991900906546,3.3729010643892345
way,741313010,school,,Federal Government College Lagos,,,https://fgclagos.org.ng/,Q5440236,en:Federal Government College Lagos,,,,,,,,,,,,,,,,,,,,,,6.4907370165173965,3.1351119562385126
way,744502262,school,,,,,,,,,,,,,,,,,,,,,,,,,,,,,6.4766066907175475,3.122570176398444
way,747165516,school,,,,,,,,,,,,,,,,,,,,,,,,,,,,,6.471811826477821,3.328253342664503
way,760061883,school,,College Hall,,,,,,,,,,,,,,,,,,,,,,,,,,,6.516561647948456,3.374953975059544
way,775429794,school,,King Ado Junior High School,,,,,,,,Ojo Giwa Street,,,,,39,,,,,,,,,,,,,,6.460147214888611,3.3909190408803953
way,775431198,school,,Ebute Metta Primary School,,,,,,,,,,,,,,,,,,,,,,,,,,,6.4882095692929544,3.3853027387676686
way,775433553,school,,St. Saviour's School Ebute-Metta,,,http://stsavioursebutemetta.org,,,,,,,,,,,,,,,,,,,,,,,,6.490136693912581,3.3753409539956793
way,776090349,school,,St. Judes Anglican Primary School,,,,,,,,,,,,,,,,,,,,,,,,,,,6.485189566666667,3.383533074567843
way,783616104,school,,,,,,,,,,,,,,,,,,,,,,,,,,,,,6.462937827073995,3.2760844511378995
way,783616108,school,,,,,,,,,,,,,,,,,,,,,,,,,,,,,6.473711808138233,3.271806871936626
way,783616133,school,,,,,,,,,,,,,,,,,,,,,,,,,,,,,6.466680449619275,3.2907972124179152
way,784063127,school,,,,,,,,,,,,,,,,,,,,,,,,,,,,,6.454415407285916,3.3263558016573955
way,784063129,school,,,,,,,,,,,,,,,,,,,,,,,,,,,,,6.453788963393962,3.3331124527432943
way,784063130,school,,,,,,,,,,,,,,,,,,,,,,,,,,,,,6.4501432249736155,3.3407423003766774
way,784063131,school,,,,,,,,,,,,,,,,,,,,,,,,,,,,,6.450457001263351,3.3418947892086948
way,784063132,school,,,,,,,,,,,,,,,,,,,,,,,,,,,,,6.4505887599563065,3.3428788759138253
way,784063134,school,,,,,,,,,,,,,,,,,,,,,,,,,,,,,6.449250288403375,3.3384818730485097
way,784077453,school,,,,,,,,,,,,,,,,,,,,,,,,,,,,,6.455644084316054,3.2842132545881713
way,784077454,school,,,,,,,,,,,,,,,,,,,,,,,,,,,,,6.457598403539447,3.2849674100895103
way,784077455,school,,,,,,,,,,,,,,,,,,,,,,,,,,,,,6.4568547398678815,3.2835338102570724
way,784077456,school,,,,,,,,,,,,,,,,,,,,,,,,,,,,,6.4572668602548635,3.2811098267946366
way,784077458,school,,,,,,,,,,,,,,,,,,,,,,,,,,,,,6.456463590281678,3.280618960111467
way,784077462,school,,,,,,,,,,,,,,,,,,,,,,,,,,,,,6.444070281192041,3.3123158786622584
way,784203388,school,,,,,,,,,,,,,,,,,,,,,,,,,,,,,6.407245620919398,3.3879855218650765
way,784949573,school,,,,,,,,,,,,,,,,,,,,,,,,,,,,,6.462271123074781,3.3387072369629176
way,784949582,school,,,,,,,,,,,,,,,,,,,,,,,,,,,,,6.4569750808591255,3.3436042238475507
way,784953507,school,,,,,,,,,,,,,,,,,,,,,,,,,,,,,6.466082617360929,3.3535047350491984
way,784953508,school,,,,,,,,,,,,,,,,,,,,,,,,,,,,,6.465647056626795,3.353181925923999
way,784953517,school,,,,,,,,,,,,,,,,,,,,,,,,,,,,,6.465015234043082,3.3409510208314446
way,785952107,school,,,,,,,,,,,,,,,,,,,,,,,,,,,,,6.453542443364493,3.218114758601885
way,785952122,school,,,,,,,,,,,,,,,,,,,,,,,,,,,,,6.458007442561096,3.200275333661607
way,785952123,school,,,,,,,,,,,,,,,,,,,,,,,,,,,,,6.458550655067187,3.206446246738778
way,785952134,school,,,,,,,,,,,,,,,,,,,,,,,,,,,,,6.445833463756121,3.2285519484116585
way,786056291,school,,St. Mary's College,,,,,,Ajangbadi,,Maxwell Street,,,,,,,,,Secondary School,,,,,,,,,,6.459061773964266,3.1687291353874514
way,786056293,school,,Sabo Oniba Primary School,,,,,,,,,,,,,,,,,,,,,,,,,,,6.46346009759059,3.1721906841064516
way,786056347,school,,,,,,,,,,,,,,,,,,,,,,,,,,,,,6.4735004892234365,3.1790820877497263
way,786383317,school,,,,,,,,,,,,,,,,,,,,,,,,,,,,,6.467034679668369,3.1422316820409226
way,786383318,school,,,,,,,,,,,,,,,,,,,,,,,,,,,,,6.466589795981535,3.141304075401953
way,786383329,school,,,,,,,,,,,,,,,,,,,,,,,,,,,,,6.45409350798357,3.1584863510193792
way,786386204,school,,,,,,,,,,,,,,,,,,,,,,,,,,,,,6.448184671761934,3.25990500453182
way,786391674,school,,,,,,,,,,,,,,,,,,,,,,,,,,,,,6.526382187869229,3.3014586071340117
way,786391675,school,,,,,,,,,,,,,,,,,,,,,,,,,,,,,6.527172470507429,3.3041606574741356
way,786977287,school,,,,,,,,,,,,,,,,,,,,,,,,,,,,,6.462184531167954,3.425672152776322
way,786977288,school,,,,,,,,,,,,,,,,,,,,,,,,,,,,,6.462718744094796,3.424015607737278
way,786977289,school,,,,,,,,,,,,,,,,,,,,,,,,,,,,,6.461960792727247,3.4247039231707603
way,786992209,school,,,,,,,,,,,,,,,,,,,,,,,,,,,,,6.4750484062021965,3.340662008191057
way,786992210,school,,,,,,,,,,,,,,,,,,,,,,,,,,,,,6.475462093338048,3.341205184729689
way,786992211,school,,,,,,,,,,,,,,,,,,,,,,,,,,,,,6.474849690650168,3.3413833026400477
way,786992212,school,,,,,,,,,,,,,,,,,,,,,,,,,,,,,6.474625980309591,3.3401922029657993
way,786992232,school,,,,,,,,,,,,,,,,,,,,,,,,,,,,,6.458488398292037,3.3105522962574803
way,786992233,school,,,,,,,,,,,,,,,,,,,,,,,,,,,,,6.457385812066962,3.3112974215408095
way,786992234,school,,,,,,,,,,,,,,,,,,,,,,,,,,,,,6.457395293239602,3.312541657849111
way,786992235,school,,,,,,,,,,,,,,,,,,,,,,,,,,,,,6.45743343949832,3.313918770804799
way,786992283,school,,,,,,,,,,,,,,,,,,,,,,,,,,,,,6.449301593857123,3.330605807976017
way,786992284,school,,,,,,,,,,,,,,,,,,,,,,,,,,,,,6.449162816328794,3.329565267715588
way,787802505,school,,,,,,,,,,,,,,,,,,,,,,,,,,,,,6.4841289,3.3278787500000004
way,787802511,school,,,,,,,,,,,,,,,,,,,,,,,,,,,,,6.484508899470403,3.3288817659654866
way,787802532,school,,,,,,,,,,,,,,,,,,,,,,,,,,,,,6.4708655437278155,3.3273732302824164
way,787802543,school,,,,,,,,,,,,,,,,,,,,,,,,,,,,,6.497800377443915,3.322964376704282
way,787802579,school,,,,,,,,,,,,,,,,,,,,,,,,,,,,,6.519360481752075,3.3220766801960107
way,787802580,school,,,,,,,,,,,,,,,,,,,,,,,,,,,,,6.519205418596791,3.3229092098027233
way,787802581,school,,,,,,,,,,,,,,,,,,,,,,,,,,,,,6.518216295704486,3.323710558524194
way,787802592,school,,,,,,,,,,,,,,,,,,,,,,,,,,,,,6.516842876251476,3.3227322630734633
way,787802593,school,,,,,,,,,,,,,,,,,,,,,,,,,,,,,6.517605223907677,3.3208150323146866
way,787802594,school,,,,,,,,,,,,,,,,,,,,,,,,,,,,,6.517060092040411,3.3215815363193695
way,787802598,school,,,,,,,,,,,,,,,,,,,,,,,,,,,,,6.515375627819219,3.3230915603251456
way,787802609,school,,,,,,,,,,,,,,,,,,,,,,,,,,,,,6.513593279174945,3.3221065455023653
way,787802610,school,,,,,,,,,,,,,,,,,,,,,,,,,,,,,6.5143043699884755,3.321861837703793
way,787802611,school,,,,,,,,,,,,,,,,,,,,,,,,,,,,,6.515023677259413,3.321720740366411
way,788305471,school,,,,,,,,,,,,,,,,,,,,,,,,,,,,,6.529758179453989,3.3237589641590954
way,788305519,school,,,,,,,,,,,,,,,,,,,,,,,,,,,,,6.532789553770237,3.326758548117159
way,790593196,school,,Fountain Heights Secondary School,,,https://www.fountainschools-ng.com/,,,Lagos,,Adelabu Street,,,,,60,,,,,,,,,,,,,,6.493942754616934,3.3490252385178296
way,791169181,school,,,,,,,,,,,,,,,,,,,,,,,,,,,,,6.491850095175492,3.1933888217167214
way,791169182,school,,,,,,,,,,,,,,,,,,,,,,,,,,,,,6.492090664999974,3.1942619477690766
way,791944545,school,,,,,,,,,,,,,,,,,,,,,,,,,,,,,6.519760890243568,3.380925811671412
way,791944552,school,,,,,,,,,,,,,,,,,,,,,,,,,,,,,6.5221783837121095,3.3691048202684484
way,791944557,school,,,,,,,,,,,,,,,,,,,,,,,,,,,,,6.523081696150197,3.3690158750194565
way,791944566,school,,,,,,,,,,,,,,,,,,,,,,,,,,,,,6.535485569290288,3.3698650240734906
way,792345813,school,,Apata Memorial Schools,,,http://www.apatamemorialschool.com,Q4779210,en:Apata Memorial High School,,,,,,,,,,,,,,,,,,,,,,6.520482601267533,3.3214392902185557
way,792345814,school,,,,,,,,,,,,,,,,,,,,,,,,,,,,,6.519501425332503,3.325583862017034
way,792725259,school,,Federal College of Fisheries and Marine Technology,,,,Q5440063,en:Federal College of Fisheries and Marine Technology,,,,,,,,,,,,,,,,,,,,,,6.421432603009818,3.4118883342083004
way,792728846,school,,,,,,,,,,,,,,,,,,,,,,,,,,,,,6.461817000052691,3.14422064408422
way,792728866,school,,,,,,,,,,,,,,,,,,,,,,,,,,,,,6.467278263351662,3.1415212585422774
way,792734944,school,,,,,,,,,,,,,,,,,,,,,,,,,,,,,6.52622926574033,3.3488092405766055
way,792738599,school,,,,,,,,,,,,,,,,,,,,,,,,,,,,,6.476634348346566,3.3850459907318378
way,792738605,school,,,,,,,,,,,,,,,,,,,,,,,,,,,,,6.4908559087432955,3.388368922728675
way,794777949,school,,,,,,,,,,,,,,,,,,,,,,,,,,,,,6.4335828162307,3.522326996944726
way,794777958,school,,,,,,,,,,,,,,,,,,,,,,,,,,,,,6.433127071488023,3.510097775356326
way,795793636,school,,,,,,,,,,,,,,,,,,,,,,,,,,,,,6.500781043904631,3.357028741407391
way,795831083,school,,,,,,,,,,,,,,,,,,,,,,,,,,,,,6.501629043177869,3.3657049986178063
way,795831084,school,,,,,,,,,,,,,,,,,,,,,,,,,,,,,6.502184910503454,3.364842822160328
way,795831115,school,,,,,,,,,,,,,,,,,,,,,,,,,,,,,6.5149550937196885,3.341621308516327
way,795831116,school,,,,,,,,,,,,,,,,,,,,,,,,,,,,,6.516645508231198,3.349184213426551
way,795831138,school,,,,,,,,,,,,,,,,,,,,,,,,,,,,,6.492446347573049,3.3595202801353423
way,795831162,school,,,,,,,,,,,,,,,,,,,,,,,,,,,,,6.487594860979763,3.3616085405737155
way,795831201,school,,,,,,,,,,,,,,,,,,,,,,,,,,,,,6.505161098515352,3.3604312059866963
way,795831202,school,,,,,,,,,,,,,,,,,,,,,,,,,,,,,6.50424919959083,3.360159534579772
way,795831208,school,,,,,,,,,,,,,,,,,,,,,,,,,,,,,6.506575213636749,3.3615684531654004
way,795831213,school,,,,,,,,,,,,,,,,,,,,,,,,,,,,,6.506244398519749,3.3598687617883765
way,795831214,school,,,,,,,,,,,,,,,,,,,,,,,,,,,,,6.511529063114737,3.3579095722149
way,795831215,school,,,,,,,,,,,,,,,,,,,,,,,,,,,,,6.510605362360598,3.3578709920820335
way,795831221,school,,,,,,,,,,,,,,,,,,,,,,,,,,,,,6.514679861735435,3.357796827779599
way,795831296,school,,,,,,,,,,,,,,,,,,,,,,,,,,,,,6.526586240245795,3.33775573302594
way,795831297,school,,,,,,,,,,,,,,,,,,,,,,,,,,,,,6.526950143881912,3.3390544204220065
way,795831298,school,,,,,,,,,,,,,,,,,,,,,,,,,,,,,6.526049200744951,3.337700168607081
way,795831299,school,,,,,,,,,,,,,,,,,,,,,,,,,,,,,6.527275953508139,3.3378278271107633
way,795831300,school,,,,,,,,,,,,,,,,,,,,,,,,,,,,,6.528385740820959,3.3379257248756904
way,795831301,school,,,,,,,,,,,,,,,,,,,,,,,,,,,,,6.53101904515446,3.337258442661866
way,795977399,school,,Hopeful Kids,,,,,,,,,,,,,,,,,,,,,,,,,,,6.498242151152205,3.245065675486813
way,798169491,school,,,,,,,,,,,,,,,,,,,,,,,,,,,,,6.483793160918291,3.3746900781821263
way,798169501,school,,,,,,,,,,,,,,,,,,,,,,,,,,,,,6.482207105949177,3.3700219230177053
way,800345363,school,,,,,,,,,,,,,,,,,,,,,,,,,,,,,6.507262521090389,3.3268942639759036
way,888169174,school,,Full page nursery and primary school,,,,,,,,,,,yes,,,,,,,Google Stree view,,,,,,,,,6.447631971362775,3.34181787511573
way,1217299737,school,,Children's International School,,,,,,,,,,,,,,,,,,,,,,,,,,,6.449460866051442,3.4843010472214524
node,2178399994,school,,,,,,,,,,,,,,,,,,,,,,,,,,,,,6.5967299,3.3401408
node,2479302922,school,,Abbot Dayspring School,,,,,,,,,,,,,,,,,,,,,,,,,,,6.5999355,3.2330552
node,4525428999,school,,,24/7,,http://www.dedynamicprivatesschools.com,,,,,Ilo Awela Road,dedynamic06@yahoo.com,+2348023094699,,,,,,,,,De Dynamic Comprehensive College,,,,,,,,6.6915337,3.2490678
node,5212259829,school,,RAE Creche,,,,,,,100263,Stella Osholanke street,,,,,,,,,,,,,,,,,,,6.5530941,3.3241234
node,7001111609,school,,Folbim High School,,,,,,,,Ipaja Road,,,,,166,,,,,,,,,,,,,,6.6259835,3.3124111
node,7334681785,school,,Liberty College,,,,,,,23401,"Balogun Road, Balogun Town.",,,,,4,,,,,,,,,,,,,,6.5920962,3.2275152
node,8499579824,school,3,"local government school i, isheri-olofin",07:45 - 16:00,yes,,,,,,,,,,,,,,,,,,,,,,,,,6.6371,3.3857
node,8499579853,school,3,"local government primary school i, iroko aparadija",07:45 - 16:00,yes,,,,,,,,,,,,,,,,,,,,,,,,,6.7034,3.2711
node,8499579875,school,3,"local government primary school ii, iroko aparadija",07:45 - 16:00,yes,,,,,,,,,,,,,,,,,,,,,,,,,6.7031,3.271
node,8533569894,school,3yrs,"Local Government Primary School I, Iroko Aparadija",Mo-Fr 07:45 - 4:00,yes,,,,,,,,,,,,,,,,,,,,,,,,,6.7034,3.2711
node,8533569895,school,3yrs,"Local Government Primary School Ii, Iroko Aparadija",Mo-Fr 07:45 - 4:00,yes,,,,,,,,,,,,,,,,,,,,,,,,,6.7031,3.271
node,8533569904,school,3yrs,"Community Primary School, Akera",Mo-Fr 07:45 - 4:00,yes,,,,,,,,,,,,,,,,,,,,,,,,,6.693,3.2862
node,8533569908,school,3yrs,"Community Primary School, Aboro",Mo-Fr 07:45 - 4:00,yes,,,,,,,,,,,,,,,,,,,,,,,,,6.6899,3.294
node,8533569916,school,3yrs,"Ansarudeen Primary School, Imushin-Ogijo",Mo-Fr 07:45 - 4:00,yes,,,,,,,,,,,,,,,,,,,,,,,,,6.6859,3.5036
node,8533569917,school,3yrs,"St. Paul'S African Church School I, Agbado",Mo-Fr 07:45 - 4:00,yes,,,,,,,,,,,,,,,,,,,,,,,,,6.6855,3.2904
node,8533569919,school,3yrs,"Nawair-Ur-Deen Primary School, I Agbado",Mo-Fr 07:45 - 4:00,yes,,,,,,,,,,,,,,,,,,,,,,,,,6.6846,3.2997
node,8533569920,school,3yrs,"Nawair-Ur-Deen Primary School, Ii Agbado",Mo-Fr 07:45 - 4:00,yes,,,,,,,,,,,,,,,,,,,,,,,,,6.6844,3.2999
node,8533569922,school,3yrs,"St. Paul'S African Church Primary School, Agbado",Mo-Fr 07:45 - 4:00,yes,,,,,,,,,,,,,,,,,,,,,,,,,6.6839,3.298
node,8533569925,school,3yrs,"St. Paul'S Anglican Primary School, Oluke",Mo-Fr 07:45 - 4:00,yes,,,,,,,,,,,,,,,,,,,,,,,,,6.6829,3.3044
node,8533569926,school,3yrs,"St. Peter'S African Church School, Oke-Aro",Mo-Fr 07:45 - 4:00,yes,,,,,,,,,,,,,,,,,,,,,,,,,6.6829,3.3214
node,8533569927,school,3yrs,"St. Peter School Ii, Oke-Aro",Mo-Fr 07:45 - 4:00,yes,,,,,,,,,,,,,,,,,,,,,,,,,6.6829,3.3214
node,8533569929,school,3yrs,"Zion African Church Primary School, Ope-Ilu",Mo-Fr 07:45 - 4:00,yes,,,,,,,,,,,,,,,,,,,,,,,,,6.6819,3.2968
node,8533569967,school,3yrs,"Local Government School I, Isheri-Olofin",Mo-Fr 07:45 - 4:00,yes,,,,,,,,,,,,,,,,,,,,,,,,,6.6371,3.3857
node,8533569973,school,3yrs,"Ansar Ud Deen Primary School I, Alaagba",Mo-Fr 07:45 - 4:00,yes,,,,,,,,,,,,,,,,,,,,,,,,,6.6143,3.2255
node,8533569974,school,3yrs,"Ansar Ud Deen Primary School Ii, Alaagba",Mo-Fr 07:45 - 4:00,yes,,,,,,,,,,,,,,,,,,,,,,,,,6.6128,3.2278
node,8533569991,school,3yrs,St. Peters Anglican Primary School Itele-Ota,Mo-Fr 07:45 - 4:00,yes,,,,,,,,,,,,,,,,,,,,,,,,,6.5838,3.1918
node,9213584264,school,,Stars International College,,,,,,,,,,,,,,,,,,,,,,,,,,,6.6260514,3.5005984
way,537017561,school,,Avi-Cenna International School,,,https://avi-cenna.com/,Q21481035,en:Avi-Cenna International School,Lagos,,Harold Sodipo Crescent,,,,,6,,,,,,,,,,,,,,6.587905866525744,3.352360225893955
way,540869127,school,,Police College Ikeja,,,,,,Lagos,,Oba Akinjobi Street,,,,,,,,,,,,,,,,,,,6.589231503785368,3.349130675311267
way,541689636,school,,New Horizons Nigeria Ikeja Campus,,,,,,,,,,,,,,,,,,,,,,,,,,,6.597778807431302,3.3400515855907886
way,604386577,school,,Indian Language School Lagos,,,,,,Lagos,,Aina George Street,,,,,6,,,,,,,,,,,,,,6.55179183762763,3.3642274484166554
way,611247774,school,,Caleb Secondary School,,,,,,Ikeja,,CMD Avenue,,,,,,,,,,,,,,,,,,,6.604796971255628,3.3757311437174704
way,611586860,school,,STT&T,,,,,,,,Remi Fani-Kayode Avenue,,,,,,,,,,,,,,,,,,,6.574346017115367,3.350904124916859
way,680466348,school,,Zumratul Islamiya Grammar school,,,,,,,,Obafemi Awolowo way,,,,,,,,,,,,Lagos state Govt,muslim,,,,,,6.588255341701364,3.5224917665194972
way,704995747,school,,Police Training School Ikeja,,,,,,,,,,,,,,,,,,,,,,,,,,,6.5912385174774,3.3461674494241604
way,705854744,school,,De Ivy College,,,,,,,,Along Toll Gate Rd,,,,,,,,,,,,,,,,,,,6.6907232312338465,3.2448877407642156
way,705854752,school,,African Church Primary School,,,,,,,,,,,,,,,,,,,,Lagos State Government,,,,,,,6.673683829262757,3.2693015326491195
way,707826539,school,,"Chrisland College, Idimu",,,https://chrislandschools.org/,,,,,,,,,,,,,,,,,,,,,,,,6.565504141817748,3.289241330825355
way,707853512,school,,,,,,,,,,,,,,,,,,,,,,,,,,,,,6.553780561933264,3.3884833014259157
way,733601658,school,,,,,,,,,,,,,,,,,,,,,,,,,,,,,6.629758628419795,3.3766870930932167
way,733604260,school,,,,,,,,,,,,,,,,,,,,,,,,,,,,,6.637340075476593,3.372667810926543
way,733621371,school,,,,,,,,,,,,,,,,,,,,,,,,,,,,,6.600338574090457,3.39461108644931
way,733621397,school,,,,,,,,,,,,,,,,,,,,,,,,,,,,,6.593281419991755,3.3966907161132203
way,734438171,school,,,,,,,,,,,,,,,,,,,,,,,,,,,,,6.606351001541763,3.281445363936186
way,735140638,school,,Supreme High School,,,,,,,,,,,,,,,,,,,,,,,,,,,6.617688552358275,3.3799758704975904
way,737290198,school,,,,,,,,,,,,,,,,,,,,,,,,,,,,,6.553425216819392,3.267431176532206
way,739531714,school,,,,,,,,,,,,,,,,,,,,,,,,,,,,,6.545134153335563,3.265431892973517
way,739531715,school,,,,,,,,,,,,,,,,,,,,,,,,,,,,,6.553209639935188,3.249386759942775
way,739536563,school,,,,,,,,,,,,,,,,,,,,,,,,,,,,,6.550664126869642,3.2475913086392527
way,741343401,school,,,,,,,,,,,,,,,,,,,,,,,,,,,,,6.618268307596849,3.3290380421589645
way,742237732,school,,Ogudu GRA School Complex,,,,,,,,Emmanuel Street,,,,,,,,,,,,,,,,,,,6.579905408309807,3.383036951209459
way,742327210,school,,Afariogun Primary school,,,,,,,,,,,,,,,,,,,,,,,,,,,6.553166993114548,3.3395800487600344
way,742515535,school,,Methodist Primary School,,,,,,Ibeshe,,,,,,,,,,,,,,,,,,,,,6.553719910264395,3.4746258928255744
way,742519253,school,,Keme Balogun College,,,,,,,,,,,,,,,,,,,,,,,,,,,6.55700660630011,3.475267062350327
way,742564560,school,,Kith & Kin Educational Schools,,,https://www.kithandkinschools.com/,,,,,,,,,,,,,,,,,,,,,,,,6.563735472382618,3.4779771863827538
way,742626635,school,,Unique Blossom school,,,,,,,,,,,,,,,,,,,,private,,,,,,,6.60612294030769,3.497734910725753
way,742626665,school,,Ayangburen Primary School,,,,,,,,,,,,,,,,,,,,,,,,,,,6.619860984968913,3.501854546816347
way,742626666,school,,Ayangburen Senior High School,,,,,,,,,,,,,,,,,,,,,,,,,,,6.618543994862966,3.501496372929427
way,744442353,school,,Halifield Schools,,,https://www.halifieldschools.com.ng/,,,,,,,,,,,,,,,,,,,,,,,,6.57542375978039,3.3725584406204723
way,744474963,school,,Ewenla Primary School,,,,,,,,,,,,,,,,,,,,,,,,,,,6.553273855829583,3.343281414127565
way,744474986,school,,Oshodi Primary School,,,,,,,,,,,,,,,,,,mapillary,,,,,,,,,6.5595874309534095,3.346353466923868
way,744475002,school,,Methodist Primary School,,,,,,Oshodi,,,,,,,,"Methodist Primary School, Oshodi",,,,mapillary,,,,,,,,,6.557073926118848,3.3460343800337036
way,744486419,school,,Ideal Primary School,,,,,,Oshodi,,,,,,,,"Ideal Primary School, Oshodi",,,,,,,,,,,,,6.553459972289206,3.344536147902109
way,744486420,school,,,,,,,,,,,,,,,,,,,,,,,,,,,,,6.553954386075079,3.345042083795201
way,744497152,school,,,,,,,,,,,,,,,,,,,,,,,,,,,,,6.554921952531441,3.3593465202828288
way,744690447,school,,,,,,,,,,,,,,,,,,,,,,,,,,,,,6.543999903742419,3.263007087751547
way,746018548,school,,Lagos State Rehabilitation and Vocational Training Centre,,,,,,,,,,,,,,,,,,,,,,,,,,,6.6410912265740265,3.3773379911702865
way,746021160,school,,Lagos State Civil Service College,,,,,,Igbogbo,,Oba Omolaja Road,,,,,50,,,,,,,,,,,,,,6.596633669219231,3.5194178422523374
way,746021161,school,,Methodist Primary School,,,,,,Igbogbo,,Oba Omolaja Road,,,,,61,"Methodist Primary School, Igbogbo",,,,,,,,,,,,,6.596882465655048,3.5172023556361838
way,746021162,school,,Oriwu Senior Model College,,,,,,,,,,,,,,,,,,,,,,,,,,,6.606546589074614,3.517310064933982
way,747161017,school,,Baptist School,,,,,,,,Ikorodu Road,,,,,590,"Baptist School, Mile 12",,,,,,,,,,,,,6.606686196615872,3.3936614486469274
way,747279127,school,,,,,,,,,,,,,,,,,,,,,,,,,,,,,6.600008568005851,3.379580921500723
way,747279128,school,,Ikosi Senior High School,,,,,,,,,,,,,,,,,,,,,,,,,,,6.5987644819220455,3.380519286789417
way,747302256,school,,,,,,,,,,,,,,,,,,,,,,,,,,,,,6.611916897797522,3.3487247066800387
way,747457399,school,,Mind Builders School,,,,,,,,,,,,,,,,,,,,,,,,,,,6.626035266784567,3.361821864972069
way,748621683,school,,Dopemu Primary School,,,,,,,,,,,,,,,,,,,,,,,,,,,6.6126427522149545,3.3122359075859227
way,748621689,school,,,,,,,,,,,,,,,,,,,,,,,,,,,,,6.615926809299881,3.3124012955558486
way,778004261,school,,"Cherubim & Seraphim Primary School, Majidun",,,,,,Majidun,,,,,,,,,,,,,,,,,,,,,6.618684453818382,3.4776389034358877
way,778004265,school,,"Government Junior Model College, Owutu",,,,,,Owutu,,,,,,,,,GJMC,,,,,,,,,,,,6.618644209594278,3.479950010478369
way,778598819,school,,Hosanna High School,,,,,,,,,,,,,,,,,,,,,,,,,,,6.629772316169105,3.5226928780632236
way,778616140,school,,LSPEB Model Nursery & Primary School,,,,,,,,,,,,,,,,,,,,,,,,,,,6.637221300810971,3.51420056711439
way,778616167,school,,"Farm Settlement Community Primary School, Odogunyan",,,,,,Odogunyan,,,,,,,,,,,,,,,,,,,,,6.658387360912201,3.5205164839990557
way,778859478,school,,Etunrenren Primary School,,,,,,,,,,,,,,,,,,,,,,,,,,,6.618049176291925,3.5001547342209465
way,778859481,school,,Supreme Child School,,,,,,,,,,,,,,,,,,,,,,,,,,,6.621185643201109,3.4948654630592375
way,778868247,school,,Lara Narrow Way Nursery & Primary School,,,,,,,,,,,,,,,,,,,,,,,,,,,6.6329768844082375,3.511344793583571
way,778976247,school,,Ipakodo Junior / Senior Grammar School,,,,,,,,,,,,,,,,,,,,,,,,,,,6.6109441596422585,3.4847005043785675
way,779100945,school,,Majidun Junior Grammar School,,,,,,,,,,,,,,,,,,,,,,,,,,,6.615116749737679,3.4765957133874155
way,779131228,school,,U.P.E. Primary School,,,,,,,,,,,,,,,,,,,,,,,,,,,6.654787577383541,3.47601174498445
way,779131247,school,,Balad Private Schools,,,,,,,,,,,,,,,,,,,,,,,,,,,6.645606474312681,3.478743051646966
way,779138024,school,,"Lagos State Rehabilitation and Training Centre, Owutu",,,,,,Ikorodu,,,,,,,,,,,,,,,,,,,,,6.640830667758977,3.483262721241575
way,780383043,school,,,,,,,,,,,,,,,,,,,,,,,,,,,,,6.599207028851878,3.3840485790877093
way,780722050,school,,,,,,,,,,,,,,,,,,,,,,,,,,,,,6.588239669789284,3.221752705448359
way,780953618,school,,"Anglican Nursery / Primary School, Ogudu",,,,,,,,Ojota Road,,,,,2,,,,,,,,,,,,,,6.573233589379611,3.394267809303546
way,780971454,school,,Ogudu Junior Grammar School,,,,,,,,,,,,,,,,,,,,,,,,,,,6.578722748395669,3.385068402740727
way,781114189,school,,The Frontliners School,,,,,,,,ShaSha Road,,,,,113A,,,,,,,,,,,,,,6.597483140619816,3.3036500431074494
way,781366080,school,,"State Primary School, Onipetesi-Mangoro",,,,,,,,Ajakaiye Street,,,,,7;8,,,,,,,,,,,,,,6.606865154778799,3.327038067897391
way,781366089,school,,St. Joseph Nursery / Primary School,,,,,,,,,,,,,,,,,,,,,,,,,,,6.609937176085665,3.3288356540213715
way,781366097,school,,Ife-Oluwa Primary School,,,,,,,,,,,,,,,,,,,,,,,,,,,6.613803115775157,3.326189881556045
way,781366098,school,,Djibril Martin High School Agege,,,,,,,,,,,,,,,,,,,,,,,,,,,6.613462055147627,3.3206387821314207
way,781366099,school,,Bakre Disu Oshodi Memorial High School,,,,,,,,,,,,,,,,,,,,,,,,,,,6.612366152066627,3.317701085858349
way,781366100,school,,Brightfield College,,,,,,,,,,,,,,,,,,,,,,,,,,,6.610130961199663,3.318972845267885
way,781366101,school,,"Anwar-ul-Islam Nursery / Primary School, Oniwaya",,,,,,,,,,,,,,,,,,,,,,,,,,,6.611292186805557,3.318605550007096
way,781366102,school,,"Anwar-ul-Islam Model College, Agege",,,,,,,,,,,,,,,,,,,,,,,,,,,6.613146772999985,3.319581263981839
way,781368353,school,,"African Church Central Primary School, Agege",,,,,,,,,,,,,,,,,,,,,,,,,,,6.615567445013012,3.3195036042849977
way,781371199,school,,,,,,,,,,,,,,,,,,,,,,,,,,,,,6.6840508058730785,3.2979828536373867
way,781371204,school,,,,,,,,,,,,,,,,,,,,,,,,,,,,,6.684001169985081,3.29971846669279
way,781514500,school,,Rauf Aregbesola Primary School,,,,,,,,,,,,,,,,,,,,,,,,,,,6.597819321678845,3.3028855914098356
way,781519669,school,,,,,,,,,,,,,,,,,,,,,,,,,,,,,6.595586492653953,3.293428562040606
way,781519676,school,,,,,,,,,,,,,,,,,,,,,,,,,,,,,6.596697541595833,3.291382128413292
way,781533931,school,,Sango Junior Secondary School,,,,,,,,,,,,,,,,,,,,,,,,,,,6.625798767740799,3.329248378290578
way,781533944,school,,Dairy Farm School Complex,,,,,,,,,,,,,,,,,,,,,,,,,,,6.625913173564299,3.327358454037854
way,781644062,school,,,,,,,,,,,,,,,,,,,,,,,,,,,,,6.630673433808503,3.341623547395443
way,784246079,school,,Oke-Ifako Nursery / Primary School,,,,,,Ifako,,Alhaji Adebesin Street,,,,,1,,,,,,,,,,,,,,6.560889048663332,3.391934887675384
way,784246080,school,,,,,,,,,,,,,,,,,,,,,,,,,,,,,6.561318985971057,3.3915290515740812
way,787313468,school,,,,,,,,,,,,,,,,,,,,,,,,,,,,,6.581001033268646,3.276012010050777
way,787313478,school,,,,,,,,,,,,,,,,,,,,,,,,,,,,,6.598102920553937,3.298332116153055
way,787313513,school,,,,,,,,,,,,,,,,,,,,,,,,,,,,,6.621532131860845,3.2601346487808383
way,787313514,school,,,,,,,,,,,,,,,,,,,,,,,,,,,,,6.622027676106169,3.259893697783267
way,787817829,school,,,,,,,,,,,,,,,,,,,,,,,,,,,,,6.635857473763595,3.3814725252829514
way,787817830,school,,,,,,,,,,,,,,,,,,,,,,,,,,,,,6.634655556849092,3.381041846859036
way,787817831,school,,,,,,,,,,,,,,,,,,,,,,,,,,,,,6.635345674830545,3.3822182082544825
way,788064780,school,,Ewutuntun Grammar School,,,,,,"Ewu, Oshodi",,Bode Onifade Street,,,,,1,,,,,,,LGA,,,,,,,6.5650005865810845,3.337517963171596
way,788064788,school,,,,,,,,,,,,,,,,,,,,,,,,,,,,,6.56178519031939,3.3376932931957164
way,788064789,school,,,,,,,,,,,,,,,,,,,,,,,,,,,,,6.556998728146461,3.3408125346663207
way,788064812,school,,,,,,,,,,,,,,,,,,,,,,,,,,,,,6.558464083236488,3.3348300592280133
way,788064824,school,,,,,,,,,,,,,,,,,,,,,,,,,,,,,6.563202195526063,3.342867399683137
way,788064856,school,,,,,,,,,,,,,,,,,,,,,,,,,,,,,6.565038236841949,3.3450844771471773
way,788064857,school,,,,,,,,,,,,,,,,,,,,,,,,,,,,,6.5636331932920475,3.345276231772313
way,788064858,school,,,,,,,,,,,,,,,,,,,,,,,,,,,,,6.564706683356836,3.342895273981069
way,788064859,school,,,,,,,,,,,,,,,,,,,,,,,,,,,,,6.5619827959594135,3.3428484043513818
way,788064861,school,,,,,,,,,,,,,,,,,,,,,,,,,,,,,6.5650024655705375,3.3439964315005666
way,788064873,school,,,,,,,,,,,,,,,,,,,,,,,,,,,,,6.573387832697191,3.3420068541015384
way,788064878,school,,,,,,,,,,,,,,,,,,,,,,,,,,,,,6.578245755190405,3.340826135715194
way,788064886,school,,,,,,,,,,,,,,,,,,,,,,,,,,,,,6.5695049750888845,3.3363649949570924
way,788309890,school,,Olosun Primary School,,,,,,,,,,,,,,,,,,,,,,,,,,,6.591100783577085,3.3753074506656993
way,788311255,school,,,,,,,,,,,,,,,,,,,,,,,,,,,,,6.583660553323671,3.3770495231548887
way,788311256,school,,,,,,,,,,,,,,,,,,,,,,,,,,,,,6.582896624091775,3.3781426549163505
way,788314330,school,,,,,,,,,,,,,,,,,,,,,,,,,,,,,6.554253844458592,3.3841918461028926
way,788314359,school,,,,,,,,,,,,,,,,,,,,,,,,,,,,,6.569010590675595,3.3703101466009118
way,788314360,school,,,,,,,,,,,,,,,,,,,,,,,,,,,,,6.568973389976092,3.369448508616915
way,788314361,school,,,,,,,,,,,,,,,,,,,,,,,,,,,,,6.568955335798886,3.3687250747227915
way,788314362,school,,,,,,,,,,,,,,,,,,,,,,,,,,,,,6.569873564111547,3.3707933894065074
way,788314370,school,,,,,,,,,,,,,,,,,,,,,,,,,,,,,6.564433455061547,3.377175805534567
way,788314380,school,,,,,,,,,,,,,,,,,,,,,,,,,,,,,6.564457847671368,3.3778246181275087
way,788672506,school,,,,,,,,,,,,,,,,,,,,,,,,,,,,,6.5473272438325365,3.4044653766856108
way,788672507,school,,,,,,,,,,,,,,,,,,,,,,,,,,,,,6.5468386394090885,3.4053263183078673
way,788692879,school,,,,,,,,,,,,,,,,,,,,,,,,,,,,,6.597733886230849,3.3997403328546634
way,788692886,school,,,,,,,,,,,,,,,,,,,,,,,,,,,,,6.586335836701383,3.4004762262186365
way,788708233,school,,,,,,,,,,,,,,,,,,,,,,,,,,,,,6.599709385925651,3.354551984760631
way,788708242,school,,,,,,,,,,,,,,,,,,,,,,,,,,,,,6.589535083998173,3.363266148395715
way,788708270,school,,,,,,,,,,,,,,,,,,,,,,,,,,,,,6.599266981353569,3.367700376410385
way,789336919,school,,,,,,,,,,,,,,,,,,,,,,,,,,,,,6.609704650781902,3.398481129443389
way,789336934,school,,,,,,,,,,,,,,,,,,,,,,,,,,,,,6.608257577547778,3.387611982655455
way,789336935,school,,,,,,,,,,,,,,,,,,,,,,,,,,,,,6.6064885766842805,3.388305505277805
way,790600602,school,,Government Technical College Agidingbi,,,,,,,,,,,,,,,,,,,,,,,,,,,6.6226623232767325,3.353837012332455
way,790723921,school,,Oxbridge Tutorial College,,,http://www.oxbridgecoll.com,,,Lagos,,Sobo Arobiodu Street,,,,,49,,,,,,,,,,,,,,6.577614749098316,3.357627900484981
way,790761717,school,,Beulla School,,,,,,,,,,,,,,,,,,,,,,,,,,,6.68860867853123,3.2507862899316953
way,790899497,school,,,,,,,,,,,,,,,,,,,,,,,,,,,,,6.693004598122252,3.2886102569738482
way,790899501,school,,,,,,,,,,,,,,,,,,,,,,,,,,,,,6.687312410548267,3.2664146583666427
way,790899507,school,,,,,,,,,,,,,,,,,,,,,,,,,,,,,6.703459984013088,3.2708917864862066
way,791164383,school,,,,,,,,,,,,,,,,,,,,,,,,,,,,,6.659897061724283,3.3309577905944945
way,791164384,school,,,,,,,,,,,,,,,,,,,,,,,,,,,,,6.6602691047702764,3.3298319972758597
way,791164451,school,,,,,,,,,,,,,,,,,,,,,,,,,,,,,6.670896890229099,3.285687048463418
way,791164473,school,,Anwar ul-Islam Girls High School,,,,Q26258569,en:Anwar ul-Islam Girls High School,,,,,,,,,,,,,,,,,,,,,,6.660505250889856,3.2933739643318987
way,791932032,school,,Estaport Schools,,,https://estaportprimary.com/,,,,,Adekunle Osomo Street,,,,,11;21,,,,,,,,,,,,,,6.561228534392009,3.3837075072178084
way,791934386,school,,,,,,,,,,,,,,,,,,,,,,,,,,,,,6.545901749192468,3.3760697900553707
way,791948623,school,,,,,,,,,,,,,,,,,,,,,,,,,,,,,6.641738432309504,3.386175321398127
way,792339087,school,,Emmanuel College,,,,,,Lagos,2340,Emmanuel College Avenue,,,,,4,,,,,,,Private,,,,,,,6.6762483889149955,3.261540776760987
way,792352397,school,,Lagos Baptist Academy,,,http://www.lagosbaptistacademy.com.ng,Q23073795,en:Baptist Academy,,,,,,,,,,,,,,,,christian,baptist,,,,,6.546227504530576,3.370985095860898
way,792730308,school,,St. Francis Catholic Secondary School,,,http://stfrancismagis.org/,Q24975761,"en:St. Francis Catholic Secondary School, Nigeria",,,,,,,,,,,,,,,,,,,,,,6.559279178573847,3.279707207188452
way,792734977,school,,,,,,,,,,,,,,,,,,,,,,,,,,,,,6.556431265460174,3.360972756721644
way,793085000,school,,,,,,,,,,,,,,,,,,,,,,,,,,,,,6.625227459590111,3.354016003809179
way,793085041,school,,,,,,,,,,,,,,,,,,,,,,,,,,,,,6.619478063928684,3.3536062295772733
way,793092739,school,,,,,,,,,,,,,,,,,,,,,,,,,,,,,6.604868209922977,3.4919082424219208
way,793649740,school,,,,,,,,,,,,,,,,,,,,,,,,,,,,,6.657799832917281,3.458524631001071
way,793649747,school,,,,,,,,,,,,,,,,,,,,,,,,,,,,,6.667927801767869,3.4625849348214888
way,793649762,school,,,,,,,,,,,,,,,,,,,,,,,,,,,,,6.631564439896829,3.5155239655223243
way,795018743,school,,,,,,,,,,,,,,,,,,,,,,,,,,,,,6.5931513077125,3.5207476998247293
way,795027153,school,,Salvation Army Primary School,,,,,,Ikorodu,,,,,,,,,,,,,,,,,,,,,6.620263967383917,3.5067681705835705
way,795027165,school,,,,,,,,,,,,,,,,,,,,,,,,,,,,,6.622829064616367,3.511100336639339
way,795027166,school,,,,,,,,,,,,,,,,,,,,,,,,,,,,,6.621811598881051,3.5096344413010603
way,795027175,school,,,,,,,,,,,,,,,,,,,,,,,,,,,,,6.602365261025803,3.5043919063826703
way,797135928,school,,,,,,,,,,,,,,,,,,,,,,,,,,,,,6.679985113279639,3.4850394131445057
way,797274995,school,,Government Technical College Ikorodu,,,,,,,,,,,,,,,,,,,,,,,,,,,6.617411559536039,3.5180292192571168
way,797274996,school,,Ikorodu Senior Grammar School,,,,,,,,,,,,,,,,,,,,,,,,,,,6.61933203953509,3.5184186673651148
way,797275022,school,,Temidire Primary School,,,,,,Oke-Ota,,,,,,,,,,,,,,,,,,,,,6.6188999856976665,3.5188943987993717
way,797699638,school,,Strong Tower Academy,,,https://www.strongtoweracademy.org/,,,,,,,,,,,,,,,,,,,,,,,,6.62169805431574,3.5223562146010616
way,797705030,school,,Ikorodu High School,,,,,,,,,,,,,,,,,,,,,,,,,,,6.638751695769283,3.5091749067441755
way,799500876,school,,,,,,,,,,,,,,,,,,,,,,,,,,,,,6.641069773326223,3.32865657948768
way,855991598,school,,Odongunyan Secondary School,,,,,,,,,,,,0-12,,,,,,,,Government,,,public,,,,6.664072591353158,3.5205047324954895
way,945129464,school,,Towolo Community Primary School,,,,,,,,,,,,,,,,,,Nigerian Red Cross Society,,,,,government,,,,6.612620660724265,3.4412118553440862
way,946622970,school,,Salvation college,,,,,,,,,,,school,,,,,,,,,,,,private,2,education,,6.6089170867029425,3.4331893486462275
way,996245386,school,,Assemblies of God School,,,,,,,,,,,,,,,,,,Nigerian Red Cross Society,,,,,,,,,6.5803806226051655,3.41303085740369
way,996284552,school,,Agboyi 2 Primary School,,,,,,,,Agboyi 2,,,,,,,,,,Nigerian Red Cross Society,,,,,government,1,,,6.5803476036359765,3.409400682447531
way,996284554,school,,Treasure Goal schools,,,,,,,,Agboyi 1 extension,,,,,,,,,,Nigerian Red Cross Society,,,,,private,,,,6.580149811593865,3.413136890662843
way,996284556,school,,Gafariya Muslim School,,,,,,,,,,,,,,,,,,Nigerian Red Cross Society,,,muslim,,private,0-1,,,6.581504582441356,3.4132766133154333
way,996284557,school,,"Agboyi Nursery/ Primary School, Alakpere Ketu",,,,,,,,,,,,,,,,,,Nigerian Red Cross Society,,,,,government,0-1,,,6.578096457220306,3.4099145592917
way,996284558,school,,Graccy High School,,,,,,,,,,,,,,,,,,Nigerian Red Cross Society,,,,,private,2,,,6.5801526500000005,3.4152599500000003
way,996284559,school,,Charity Foundation School,,,,,,,,Oko Agbon,,,,,,,,,,Nigerian Red Cross Society,,,,,private,1,,,6.580879148099297,3.4143636317896595
way,996284560,school,,Graccy Royalfield Schools,,,,,,,,Oko Agbon,,,,,,,,,,Nigerian Red Cross Society,,,,,,0-1,,,6.580403254161822,3.4142419187883433
node,8499579820,school,3,"Salvation Army Primary School III, Edu Agbara",07:45 - 16:00,yes,,,,,,,,,,,,,,,,,,,,,,,,,6.5044786,3.1013103
node,8533570018,school,3yrs,"Local Government Primary School, Idanyin",Mo-Fr 07:45 - 4:00,yes,,,,,,,,,,,,,,,,,,,,,,,,,6.5212,3.0608
node,8533570020,school,3yrs,"Salvation Army Primary School I, Agbara",Mo-Fr 07:45 - 4:00,yes,,,,,,,,,,,,,,,,,,,,,,,,,6.5047838,3.1019916
node,8537077211,school,3yrs,"Salvation Army Primary School II, Agbara",Mo-Fr 07:45 - 16:00,yes,,,,,,,,,,,,,,,,,"Salvation Army Primary School II, Agbara",,,,,,,,6.504376,3.1014954
node,9860347337,school,,,,,,,,,,,,,,,,,,,,,,,,,,,,node,6.476019,2.8585337
node,11184752031,school,,Iworo Ajido Model College,,,https://lagosschoolsonline.com/schools/profile/1759,,,Lagos,103101,Whispering Palms-Iworo Rd,,,,,,,,,,,,,,,,,,,6.437166,2.9738442
way,11102692,school,,Administrative Staff College Of Nigeria,,,,,,,,,,,,,,,ASCON,,,,,,,,,,,,6.411429963886071,2.9384954515150987
way,745380537,school,,Adeniran Ogunsanya College of Education,,,,Q20646619,en:Adeniran Ogunsanya College of Education,,,,,,,,,,AOCOED,,,,,,,,,,,,6.4997537740579485,3.112374046520057
way,747148913,school,,,,,,,,,,,,,,,,,,,,,,,,,,,,,6.504557266188447,3.1015424108241434
way,783301363,school,,,,,,,,,,,,,,,,,,,,,,,,,,,,,6.415511836596236,2.941565768952422
